Kernel,MAE,RMSE
Dot-Product and White,0.08505456120652953,0.12851187427957897
RBF and White,0.08395264593897002,0.12243752886692465
RBF,0.11560457243071336,0.17965271392912557
Rational Quadratic,0.09419096980113664,0.14712457513159452
Rational Quadratic and White,0.08395266102281167,0.12243748879377044
Matern,0.08318756970671772,0.12439406013412721
Matern and White,0.08291945106127255,0.12231347377952653
Constant,0.13889010097913695,0.2007174987276851
Constant and White,0.13889083025949656,0.2007176229618317
